{
  "name": "employment",
  "base": "PersistedModel",
  "idInjection": true,
  "options": {
    "validateUpsert": true
  },
  "properties": {
    "company_name": {
      "type": "string",
      "required": true
    },
    "job_position": {
      "type": "string",
      "required": true
    },
    "job_description": {
      "type": "string",
      "required": true
    },
    "qualification": {
      "type": "string",
      "required": true
    },
    "experience": {
      "type": "string",
      "required": true
    },
    "salary": {
      "type": "string",
      "required": true
    },
    "job_type": {
      "type": "string",
      "required": true
    },
    "deadline_date": {
      "type": "string",
      "required": true
    }
  },
  "validations": [],
  "relations": {
    "post": {
      "type": "belongsTo",
      "model": "post",
      "foreignKey": "belong_id"
    }
  },
  "acls": [],
  "methods": {}
}
