{
  "name": "event",
  "base": "PersistedModel",
  "idInjection": true,
  "options": {
    "validateUpsert": true
  },
  "properties": {
    "place": {
      "type": "string",
      "required": true
    },
    "start_date": {
      "type": "string",
      "required": true
    },
    "end_date": {
      "type": "string",
      "required": true
    }
  },
  "validations": [],
  "relations": {
    "post": {
      "type": "belongsTo",
      "model": "post",
      "foreignKey": "belong_id"
    }
  },
  "acls": [],
  "methods": {}
}
