{
  "name": "experience_information",
  "base": "PersistedModel",
  "idInjection": true,
  "options": {
    "validateUpsert": true
  },
  "properties": {
    "position": {
      "type": "string",
      "required": true
    },
    "work_place": {
      "type": "string",
      "required": true
    },
    "country": {
      "type": "string",
      "required": true
    },
    "city": {
      "type": "string",
      "required": true
    },
    "start_date": {
      "type": "string",
      "required": true
    },
    "end_date": {
      "type": "string",
      "required": true
    },
    "company_description": {
      "type": "string",
      "required": true
    },
    "tasks": {
      "type": "string",
      "required": true
    },
    "contact_person": {
      "type": "string",
      "required": true
    },
    "contact_information": {
      "type": "string",
      "required": true
    }
  },
  "validations": [],
  "relations": {},
  "acls": [],
  "methods": {}
}
