{
  "name": "house",
  "base": "PersistedModel",
  "idInjection": true,
  "options": {
    "validateUpsert": true
  },
  "properties": {
    "bedroom": {
      "type": "number",
      "required": true
    },
    "bathroom": {
      "type": "number",
      "required": true
    },
    "kitchin": {
      "type": "number",
      "required": true
    },
    "square_footage": {
      "type": "string",
      "required": true
    }
  },
  "validations": [],
  "relations": {
    "post": {
      "type": "belongsTo",
      "model": "post",
      "foreignKey": "belong_id"
    }
  },
  "acls": [],
  "methods": {}
}
