{
  "name": "post",
  "base": "PersistedModel",
  "idInjection": true,
  "options": {
    "validateUpsert": true
  },
  "properties": {
    "title": {
      "type": "string",
      "required": true
    },
    "category": {
      "type": "string",
      "required": true
    },
    "main_category": {
      "type": "string",
      "required": true
    },
    "description": {
      "type": "string",
      "required": true
    },
    "city": {
      "type": "string",
      "required": true
    },
    "price": {
      "type": "number"
    },
    "price_type": {
      "type": "string"
    },
    "phone_number": {
      "type": "string",
      "required": true
    },
    "condition": {
      "type": "string",
      "required": true
    },
    "status": {
      "type": "string",
      "required": true
    },
    "img": {
      "type": "string",
      "required": true
    },
    "show": {
      "type": "boolean",
      "default": true
    },
    "view": {
      "type": "number",
      "required": true
    }
  },
  "validations": [],
  "relations": {
    "employments": {
      "type": "hasMany",
      "model": "employment",
      "foreignKey": "post_id"
    },
    "events": {
      "type": "hasMany",
      "model": "event",
      "foreignKey": "post_id"
    },
    "houses": {
      "type": "hasMany",
      "model": "house",
      "foreignKey": "post_id"
    },
    "vehicles": {
      "type": "hasMany",
      "model": "vehicle",
      "foreignKey": "post_id"
    }
  },
  "acls": [],
  "methods": {}
}
