{
  "name": "resume",
  "base": "PersistedModel",
  "idInjection": true,
  "options": {
    "validateUpsert": true
  },
  "properties": {
    "first_name": {
      "type": "string",
      "required": true
    },
    "last_name": {
      "type": "string",
      "required": true
    },
    "phone_number": {
      "type": "string",
      "required": true
    },
    "email": {
      "type": "string"
    },
    "country": {
      "type": "string",
      "required": true
    },
    "city": {
      "type": "string",
      "required": true
    },
    "address": {
      "type": "string",
      "required": true
    },
    "about": {
      "type": "string",
      "required": true
    }
  },
  "validations": [],
  "relations": {},
  "acls": [],
  "methods": {}
}
