{
  "name": "vehicle",
  "base": "PersistedModel",
  "idInjection": true,
  "options": {
    "validateUpsert": true
  },
  "properties": {
    "make": {
      "type": "string",
      "required": true
    },
    "model": {
      "type": "string",
      "required": true
    },
    "vin": {
      "type": "string"
    },
    "year": {
      "type": "number",
      "required": true
    }
  },
  "validations": [],
  "relations": {
    "post": {
      "type": "belongsTo",
      "model": "post",
      "foreignKey": "belong_id"
    }
  },
  "acls": [],
  "methods": {}
}
