{
  "_meta": {
    "sources": [
      "loopback/common/models",
      "loopback/server/models",
      "../common/models",
      "./models"
    ],
    "mixins": [
      "loopback/common/mixins",
      "loopback/server/mixins",
      "../common/mixins",
      "./mixins"
    ]
  },
  "User": {
    "dataSource": "db"
  },
  "AccessToken": {
    "dataSource": "db",
    "public": false
  },
  "ACL": {
    "dataSource": "db",
    "public": false
  },
  "RoleMapping": {
    "dataSource": "db",
    "public": false,
    "options": {
      "strictObjectIDCoercion": true
    }
  },
  "Role": {
    "dataSource": "db",
    "public": false
  },
  "medble_user": {
    "dataSource": "mysql",
    "public": true
  },
  "container": {
    "dataSource": "file",
    "public": true
  },
  "post": {
    "dataSource": "mysql",
    "public": true
  },
  "vehicle": {
    "dataSource": "mysql",
    "public": true
  },
  "house": {
    "dataSource": "mysql",
    "public": true
  },
  "event": {
    "dataSource": "mysql",
    "public": true
  },
  "employment": {
    "dataSource": "mysql",
    "public": true
  },
  "resume": {
    "dataSource": "mysql",
    "public": true
  },
  "educational_information": {
    "dataSource": "mysql",
    "public": true
  },
  "experience_information": {
    "dataSource": "mysql",
    "public": true
  },
  "skill": {
    "dataSource": "mysql",
    "public": true
  },
  "interest": {
    "dataSource": "mysql",
    "public": true
  }
}
